{
  "POST Seller Auth Register" : {
    "transaction" : "POST Seller Auth Register",
    "sampleCount" : 63,
    "errorCount" : 61,
    "errorPct" : 96.82539,
    "meanResTime" : 3352.190476190476,
    "medianResTime" : 2409.0,
    "minResTime" : 290.0,
    "maxResTime" : 16014.0,
    "pct1ResTime" : 8145.000000000001,
    "pct2ResTime" : 12139.6,
    "pct3ResTime" : 16014.0,
    "throughput" : 0.09530581062886707,
    "receivedKBytesPerSec" : 0.03169178214301923,
    "sentKBytesPerSec" : 0.03942858351738953
  },
  "POST Seller Re-Add Product" : {
    "transaction" : "POST Seller Re-Add Product",
    "sampleCount" : 58,
    "errorCount" : 58,
    "errorPct" : 100.0,
    "meanResTime" : 9969.051724137928,
    "medianResTime" : 3803.5,
    "minResTime" : 525.0,
    "maxResTime" : 64126.0,
    "pct1ResTime" : 26666.000000000004,
    "pct2ResTime" : 37215.24999999998,
    "pct3ResTime" : 64126.0,
    "throughput" : 0.08636131489568893,
    "receivedKBytesPerSec" : 0.03717671972551992,
    "sentKBytesPerSec" : 4.1051258930206656
  },
  "POST Buyer Sign In" : {
    "transaction" : "POST Buyer Sign In",
    "sampleCount" : 56,
    "errorCount" : 51,
    "errorPct" : 91.07143,
    "meanResTime" : 3646.892857142857,
    "medianResTime" : 1955.5,
    "minResTime" : 78.0,
    "maxResTime" : 21182.0,
    "pct1ResTime" : 8243.600000000008,
    "pct2ResTime" : 17778.999999999996,
    "pct3ResTime" : 21182.0,
    "throughput" : 0.08533333333333334,
    "receivedKBytesPerSec" : 0.02969940476190476,
    "sentKBytesPerSec" : 0.022211309523809526
  },
  "DELETE Seller Delete Product" : {
    "transaction" : "DELETE Seller Delete Product",
    "sampleCount" : 58,
    "errorCount" : 58,
    "errorPct" : 100.0,
    "meanResTime" : 5158.327586206897,
    "medianResTime" : 2762.5,
    "minResTime" : 508.0,
    "maxResTime" : 86198.0,
    "pct1ResTime" : 8629.300000000005,
    "pct2ResTime" : 19768.749999999996,
    "pct3ResTime" : 86198.0,
    "throughput" : 0.08806786692034262,
    "receivedKBytesPerSec" : 0.029539331507949646,
    "sentKBytesPerSec" : 0.0197037617126467
  },
  "GET Seller List Product" : {
    "transaction" : "GET Seller List Product",
    "sampleCount" : 61,
    "errorCount" : 59,
    "errorPct" : 96.72131,
    "meanResTime" : 4013.5573770491806,
    "medianResTime" : 3078.0,
    "minResTime" : 99.0,
    "maxResTime" : 14065.0,
    "pct1ResTime" : 10357.200000000006,
    "pct2ResTime" : 12344.199999999999,
    "pct3ResTime" : 14065.0,
    "throughput" : 0.09057016143760087,
    "receivedKBytesPerSec" : 0.044271560245489686,
    "sentKBytesPerSec" : 0.017318295469561745
  },
  "GET Seller Get Product" : {
    "transaction" : "GET Seller Get Product",
    "sampleCount" : 58,
    "errorCount" : 57,
    "errorPct" : 98.27586,
    "meanResTime" : 3961.2931034482763,
    "medianResTime" : 2404.5,
    "minResTime" : 88.0,
    "maxResTime" : 24563.0,
    "pct1ResTime" : 8357.400000000001,
    "pct2ResTime" : 21214.299999999992,
    "pct3ResTime" : 24563.0,
    "throughput" : 0.08847316669870006,
    "receivedKBytesPerSec" : 0.030242831194723336,
    "sentKBytesPerSec" : 0.01789365029608003
  },
  "PUT Buyer Update Offer" : {
    "transaction" : "PUT Buyer Update Offer",
    "sampleCount" : 44,
    "errorCount" : 44,
    "errorPct" : 100.0,
    "meanResTime" : 4241.863636363638,
    "medianResTime" : 4004.0,
    "minResTime" : 1237.0,
    "maxResTime" : 11930.0,
    "pct1ResTime" : 7553.0,
    "pct2ResTime" : 9767.5,
    "pct3ResTime" : 11930.0,
    "throughput" : 0.08186625286997035,
    "receivedKBytesPerSec" : 0.03347983787691037,
    "sentKBytesPerSec" : 0.02026669443607176
  },
  "POST Seller Add Product" : {
    "transaction" : "POST Seller Add Product",
    "sampleCount" : 63,
    "errorCount" : 61,
    "errorPct" : 96.82539,
    "meanResTime" : 8516.063492063493,
    "medianResTime" : 6926.0,
    "minResTime" : 285.0,
    "maxResTime" : 23723.0,
    "pct1ResTime" : 19758.800000000003,
    "pct2ResTime" : 21625.399999999998,
    "pct3ResTime" : 23723.0,
    "throughput" : 0.09345004205251892,
    "receivedKBytesPerSec" : 0.04051355989776862,
    "sentKBytesPerSec" : 4.453761037395592
  },
  "POST Buyer Auth Register" : {
    "transaction" : "POST Buyer Auth Register",
    "sampleCount" : 56,
    "errorCount" : 51,
    "errorPct" : 91.07143,
    "meanResTime" : 4849.785714285713,
    "medianResTime" : 2936.5,
    "minResTime" : 198.0,
    "maxResTime" : 42960.0,
    "pct1ResTime" : 10411.0,
    "pct2ResTime" : 19242.1,
    "pct3ResTime" : 42960.0,
    "throughput" : 0.08564747194662939,
    "receivedKBytesPerSec" : 0.029608598700299613,
    "sentKBytesPerSec" : 0.03430140626266551
  },
  "GET Buyer List Orders" : {
    "transaction" : "GET Buyer List Orders",
    "sampleCount" : 45,
    "errorCount" : 40,
    "errorPct" : 88.888885,
    "meanResTime" : 4906.577777777779,
    "medianResTime" : 3578.0,
    "minResTime" : 740.0,
    "maxResTime" : 22396.0,
    "pct1ResTime" : 11626.199999999999,
    "pct2ResTime" : 16229.59999999999,
    "pct3ResTime" : 22396.0,
    "throughput" : 0.08231792646631093,
    "receivedKBytesPerSec" : 0.03179815735894824,
    "sentKBytesPerSec" : 0.016822654373551436
  },
  "GET Buyer List Product" : {
    "transaction" : "GET Buyer List Product",
    "sampleCount" : 56,
    "errorCount" : 2,
    "errorPct" : 3.5714285,
    "meanResTime" : 4430.321428571428,
    "medianResTime" : 3074.0,
    "minResTime" : 318.0,
    "maxResTime" : 15755.0,
    "pct1ResTime" : 9977.500000000004,
    "pct2ResTime" : 13856.099999999999,
    "pct3ResTime" : 15755.0,
    "throughput" : 0.08477167657183339,
    "receivedKBytesPerSec" : 0.12346471965552425,
    "sentKBytesPerSec" : 0.019172082056712253
  },
  "GET Buyer Get Product" : {
    "transaction" : "GET Buyer Get Product",
    "sampleCount" : 52,
    "errorCount" : 14,
    "errorPct" : 26.923077,
    "meanResTime" : 156103.94230769234,
    "medianResTime" : 173537.5,
    "minResTime" : 4042.0,
    "maxResTime" : 304213.0,
    "pct1ResTime" : 252865.90000000002,
    "pct2ResTime" : 271806.99999999994,
    "pct3ResTime" : 304213.0,
    "throughput" : 0.0778623782464494,
    "receivedKBytesPerSec" : 1229.7489499809087,
    "sentKBytesPerSec" : 0.01396311316622869
  },
  "Debug Sampler" : {
    "transaction" : "Debug Sampler",
    "sampleCount" : 43,
    "errorCount" : 0,
    "errorPct" : 0.0,
    "meanResTime" : 0.41860465116279066,
    "medianResTime" : 0.0,
    "minResTime" : 0.0,
    "maxResTime" : 2.0,
    "pct1ResTime" : 1.0,
    "pct2ResTime" : 1.7999999999999972,
    "pct3ResTime" : 2.0,
    "throughput" : 0.08348428456880366,
    "receivedKBytesPerSec" : 0.046015706451782,
    "sentKBytesPerSec" : 0.0
  },
  "Total" : {
    "transaction" : "Total",
    "sampleCount" : 865,
    "errorCount" : 701,
    "errorPct" : 81.04046,
    "meanResTime" : 14409.171098265895,
    "medianResTime" : 3336.0,
    "minResTime" : 0.0,
    "maxResTime" : 304213.0,
    "pct1ResTime" : 18971.799999999996,
    "pct2ResTime" : 74037.49999999962,
    "pct3ResTime" : 229011.34000000023,
    "throughput" : 1.2815878058031482,
    "receivedKBytesPerSec" : 1217.3666734295734,
    "sentKBytesPerSec" : 8.800329349083036
  },
  "POST Seller Sign In" : {
    "transaction" : "POST Seller Sign In",
    "sampleCount" : 63,
    "errorCount" : 61,
    "errorPct" : 96.82539,
    "meanResTime" : 4484.761904761905,
    "medianResTime" : 2348.0,
    "minResTime" : 236.0,
    "maxResTime" : 22747.0,
    "pct1ResTime" : 16701.4,
    "pct2ResTime" : 19965.79999999999,
    "pct3ResTime" : 22747.0,
    "throughput" : 0.09469725438087537,
    "receivedKBytesPerSec" : 0.03232759228097126,
    "sentKBytesPerSec" : 0.025724971835082475
  },
  "POST Buyer Create Order" : {
    "transaction" : "POST Buyer Create Order",
    "sampleCount" : 45,
    "errorCount" : 45,
    "errorPct" : 100.0,
    "meanResTime" : 14131.933333333334,
    "medianResTime" : 13603.0,
    "minResTime" : 2664.0,
    "maxResTime" : 45608.0,