{
  "GET List Categories" : {
    "transaction" : "GET List Categories",
    "sampleCount" : 196,
    "errorCount" : 0,
    "errorPct" : 0.0,
    "meanResTime" : 2452.8112244897957,
    "medianResTime" : 2208.0,
    "minResTime" : 665.0,
    "maxResTime" : 8013.0,
    "pct1ResTime" : 3807.5000000000005,
    "pct2ResTime" : 4391.499999999997,
    "pct3ResTime" : 6299.980000000002,
    "throughput" : 0.4648967383698728,
    "receivedKBytesPerSec" : 0.4857807715388319,
    "sentKBytesPerSec" : 0.29158427943377474
  },
  "GET Category" : {
    "transaction" : "GET Category",
    "sampleCount" : 196,
    "errorCount" : 0,
    "errorPct" : 0.0,
    "meanResTime" : 2586.280612244899,
    "medianResTime" : 2330.0,
    "minResTime" : 687.0,
    "maxResTime" : 6993.0,
    "pct1ResTime" : 4059.7000000000003,
    "pct2ResTime" : 4590.349999999992,
    "pct3ResTime" : 6637.01,
    "throughput" : 0.46521011594650086,
    "receivedKBytesPerSec" : 0.33118962355956943,
    "sentKBytesPerSec" : 0.29268944406204384
  },
  "POST Buyer Sign In" : {
    "transaction" : "POST Buyer Sign In",
    "sampleCount" : 196,
    "errorCount" : 0,
    "errorPct" : 0.0,
    "meanResTime" : 2087.8877551020405,
    "medianResTime" : 1941.5,
    "minResTime" : 782.0,
    "maxResTime" : 7087.0,
    "pct1ResTime" : 2976.3,
    "pct2ResTime" : 3241.9999999999995,
    "pct3ResTime" : 4895.770000000002,
    "throughput" : 0.4729912351828256,
    "receivedKBytesPerSec" : 0.917410315673385,
    "sentKBytesPerSec" : 0.3579202050513533
  },
  "Get List Product" : {
    "transaction" : "Get List Product",
    "sampleCount" : 196,
    "errorCount" : 0,
    "errorPct" : 0.0,
    "meanResTime" : 2560.3877551020414,
    "medianResTime" : 2290.5,
    "minResTime" : 742.0,
    "maxResTime" : 15891.0,
    "pct1ResTime" : 4273.100000000001,
    "pct2ResTime" : 4938.899999999998,
    "pct3ResTime" : 5752.560000000012,
    "throughput" : 0.46766435061464456,
    "receivedKBytesPerSec" : 1.025583558913778,
    "sentKBytesPerSec" : 0.30841930791641214
  },
  "PUT Buyer Update Profile" : {
    "transaction" : "PUT Buyer Update Profile",
    "sampleCount" : 196,
    "errorCount" : 0,
    "errorPct" : 0.0,
    "meanResTime" : 3293.17857142857,
    "medianResTime" : 3161.0,
    "minResTime" : 996.0,
    "maxResTime" : 7541.0,
    "pct1ResTime" : 4278.3,
    "pct2ResTime" : 4725.449999999998,
    "pct3ResTime" : 5830.890000000002,
    "throughput" : 0.4734036514879608,
    "receivedKBytesPerSec" : 0.6881033783147312,
    "sentKBytesPerSec" : 23.434709639470512
  },
  "GET List Offers" : {
    "transaction" : "GET List Offers",
    "sampleCount" : 195,
    "errorCount" : 0,
    "errorPct" : 0.0,
    "meanResTime" : 2257.4051282051278,
    "medianResTime" : 2052.0,
    "minResTime" : 24.0,
    "maxResTime" : 5404.0,
    "pct1ResTime" : 3357.200000000001,
    "pct2ResTime" : 4525.999999999997,
    "pct3ResTime" : 5390.5599999999995,
    "throughput" : 0.4787825664218737,
    "receivedKBytesPerSec" : 0.5834011608635764,
    "sentKBytesPerSec" : 0.3041952516738975
  },
  "Get Product" : {
    "transaction" : "Get Product",
    "sampleCount" : 196,
    "errorCount" : 0,
    "errorPct" : 0.0,
    "meanResTime" : 2257.1275510204086,
    "medianResTime" : 1971.5,
    "minResTime" : 555.0,
    "maxResTime" : 6213.0,
    "pct1ResTime" : 4010.4000000000065,
    "pct2ResTime" : 4921.45,
    "pct3ResTime" : 5493.260000000001,
    "throughput" : 0.4699552343661958,
    "receivedKBytesPerSec" : 0.8109106791332683,
    "sentKBytesPerSec" : 0.2967706987107402
  },
  "POST Recreate Product" : {
    "transaction" : "POST Recreate Product",
    "sampleCount" : 196,
    "errorCount" : 0,
    "errorPct" : 0.0,
    "meanResTime" : 2067.607142857145,
    "medianResTime" : 2001.5,
    "minResTime" : 400.0,
    "maxResTime" : 5558.0,
    "pct1ResTime" : 2964.6,
    "pct2ResTime" : 3738.4499999999994,
    "pct3ResTime" : 5462.9400000000005,
    "throughput" : 0.4729958009556446,
    "receivedKBytesPerSec" : 0.845516758470486,
    "sentKBytesPerSec" : 0.37821470479994207
  },
  "GET Get Product" : {
    "transaction" : "GET Get Product",
    "sampleCount" : 196,
    "errorCount" : 0,
    "errorPct" : 0.0,
    "meanResTime" : 2267.0459183673493,
    "medianResTime" : 2153.5,
    "minResTime" : 34.0,
    "maxResTime" : 8286.0,
    "pct1ResTime" : 3141.000000000001,
    "pct2ResTime" : 3663.8999999999996,
    "pct3ResTime" : 5942.480000000003,
    "throughput" : 0.47609909662625494,
    "receivedKBytesPerSec" : 0.8191398061353627,
    "sentKBytesPerSec" : 0.30007640965412374
  },
  "DELETE Delete Product" : {
    "transaction" : "DELETE Delete Product",
    "sampleCount" : 196,
    "errorCount" : 0,
    "errorPct" : 0.0,
    "meanResTime" : 2067.637755102041,
    "medianResTime" : 2010.0,
    "minResTime" : 622.0,
    "maxResTime" : 5310.0,
    "pct1ResTime" : 2905.2000000000007,
    "pct2ResTime" : 3453.849999999994,
    "pct3ResTime" : 5304.18,
    "throughput" : 0.4728394734112232,
    "receivedKBytesPerSec" : 0.46074425928249024,
    "sentKBytesPerSec" : 0.30863292398140485
  },
  "PUT Update Product" : {
    "transaction" : "PUT Update Product",
    "sampleCount" : 196,
    "errorCount" : 0,
    "errorPct" : 0.0,
    "meanResTime" : 2162.163265306122,
    "medianResTime" : 2040.5,
    "minResTime" : 687.0,
    "maxResTime" : 6894.0,
    "pct1ResTime" : 3235.4,
    "pct2ResTime" : 4579.749999999998,
    "pct3ResTime" : 5243.060000000002,
    "throughput" : 0.474119371646694,
    "receivedKBytesPerSec" : 0.8499560162059322,
    "sentKBytesPerSec" : 0.3995941108810396
  },
  "PUT Update Offer" : {
    "transaction" : "PUT Update Offer",
    "sampleCount" : 195,
    "errorCount" : 195,
    "errorPct" : 100.0,
    "meanResTime" : 2288.3538461538456,
    "medianResTime" : 2117.0,
    "minResTime" : 30.0,
    "maxResTime" : 5265.0,
    "pct1ResTime" : 3579.8000000000015,
    "pct2ResTime" : 4362.4,
    "pct3ResTime" : 5132.519999999999,
    "throughput" : 0.4817634022872644,
    "receivedKBytesPerSec" : 0.18113174793027031,
    "sentKBytesPerSec" : 0.33580125128779065
  },
  "Total" : {
    "transaction" : "Total",
    "sampleCount" : 3330,
    "errorCount" : 196,
    "errorPct" : 5.8858857,
    "meanResTime" : 2598.242042042036,
    "medianResTime" : 2260.0,
    "minResTime" : 24.0,
    "maxResTime" : 360710.0,
    "pct1ResTime" : 3891.5000000000005,
    "pct2ResTime" : 4699.0,
    "pct3ResTime" : 5959.040000000001,
    "throughput" : 5.3317877019834885,
    "receivedKBytesPerSec" : 8.221474910776616,
    "sentKBytesPerSec" : 34.34237963899554
  },
  "POST Sign In" : {
    "transaction" : "POST Sign In",
    "sampleCount" : 196,
    "errorCount" : 0,
    "errorPct" : 0.0,
    "meanResTime" : 2397.163265306123,
    "medianResTime" : 2137.5,
    "minResTime" : 686.0,
    "maxResTime" : 6202.0,
    "pct1ResTime" : 4163.0,
    "pct2ResTime" : 4821.15,
    "pct3ResTime" : 5617.090000000001,
    "throughput" : 0.46387348560690506,
    "receivedKBytesPerSec" : 0.9002987812670846,
    "sentKBytesPerSec" : 0.3289067880547844
  },
  "POST Create Offer" : {
    "transaction" : "POST Create Offer",
    "sampleCount" : 196,
    "errorCount" : 1,
    "errorPct" : 0.5102041,
    "meanResTime" : 4232.280612244898,
    "medianResTime" : 2209.5,
    "minResTime" : 49.0,
    "maxResTime" : 360710.0,
    "pct1ResTime" : 3214.2,
    "pct2ResTime" : 3819.4999999999955,
    "pct3ResTime" : 33940.280000000384,
    "throughput" : 0.32900479406985644,
    "receivedKBytesPerSec" : 0.8627540266367989,
    "sentKBytesPerSec" : 0.2398146342297595
  },
  "PUT Update Profile" : {
    "transaction" : "PUT Update Profile",
    "sampleCount" : 196,
    "errorCount" : 0,
    "errorPct" : 0.0,
    "meanResTime" : 3687.9744897959195,
    "medianResTime" : 3514.5,
    "minResTime" : 1618.0,
    "maxResTime" : 14112.0,
    "pct1ResTime" : 5317.100000000001,
    "pct2ResTime" : 5736.249999999999,
    "pct3ResTime" : 8404.520000000006,
    "throughput" : 0.4620309560740569,