{
  "POST Register" : {
    "transaction" : "POST Register",
    "sampleCount" : 200,
    "errorCount" : 199,
    "errorPct" : 99.5,
    "meanResTime" : 1225.6249999999998,
    "medianResTime" : 1162.0,
    "minResTime" : 326.0,
    "maxResTime" : 2599.0,
    "pct1ResTime" : 1689.5,
    "pct2ResTime" : 2008.7999999999995,
    "pct3ResTime" : 2536.92,
    "throughput" : 1.9894360943390599,
    "receivedKBytesPerSec" : 1.221375822507485,
    "sentKBytesPerSec" : 0.704578998020511
  },
  "GET List Categories" : {
    "transaction" : "GET List Categories",
    "sampleCount" : 200,
    "errorCount" : 0,
    "errorPct" : 0.0,
    "meanResTime" : 357.73,
    "medianResTime" : 286.0,
    "minResTime" : 45.0,
    "maxResTime" : 1164.0,
    "pct1ResTime" : 681.3000000000001,
    "pct2ResTime" : 781.95,
    "pct3ResTime" : 940.7700000000002,
    "throughput" : 2.038050400986416,
    "receivedKBytesPerSec" : 2.129603446343228,
    "sentKBytesPerSec" : 0.45944701642159114
  },
  "GET Category" : {
    "transaction" : "GET Category",
    "sampleCount" : 200,
    "errorCount" : 0,
    "errorPct" : 0.0,
    "meanResTime" : 357.5649999999999,
    "medianResTime" : 313.0,
    "minResTime" : 42.0,
    "maxResTime" : 923.0,
    "pct1ResTime" : 663.2,
    "pct2ResTime" : 760.8,
    "pct3ResTime" : 909.4400000000005,
    "throughput" : 2.0394220277973223,
    "receivedKBytesPerSec" : 1.4518932209611797,
    "sentKBytesPerSec" : 0.46373947467037846
  },
  "POST Buyer Sign In" : {
    "transaction" : "POST Buyer Sign In",
    "sampleCount" : 200,
    "errorCount" : 180,
    "errorPct" : 90.0,
    "meanResTime" : 456.23500000000007,
    "medianResTime" : 387.5,
    "minResTime" : 50.0,
    "maxResTime" : 1442.0,
    "pct1ResTime" : 892.4000000000001,
    "pct2ResTime" : 1058.4499999999996,
    "pct3ResTime" : 1180.7200000000003,
    "throughput" : 2.0865065620631373,
    "receivedKBytesPerSec" : 1.0936432295470195,
    "sentKBytesPerSec" : 0.6568012941556951
  },
  "POST Buyer Register" : {
    "transaction" : "POST Buyer Register",
    "sampleCount" : 200,
    "errorCount" : 199,
    "errorPct" : 99.5,
    "meanResTime" : 1178.750000000001,
    "medianResTime" : 1123.5,
    "minResTime" : 327.0,
    "maxResTime" : 2244.0,
    "pct1ResTime" : 1664.8,
    "pct2ResTime" : 1869.3999999999999,
    "pct3ResTime" : 2212.6600000000003,
    "throughput" : 2.071787434609209,
    "receivedKBytesPerSec" : 1.2718630224788936,
    "sentKBytesPerSec" : 0.7382867127207748
  },
  "Get List Product" : {
    "transaction" : "Get List Product",
    "sampleCount" : 200,
    "errorCount" : 0,
    "errorPct" : 0.0,
    "meanResTime" : 655.1099999999999,
    "medianResTime" : 646.0,
    "minResTime" : 48.0,
    "maxResTime" : 1402.0,
    "pct1ResTime" : 966.6,
    "pct2ResTime" : 1078.0999999999995,
    "pct3ResTime" : 1386.2900000000016,
    "throughput" : 2.041378747205863,
    "receivedKBytesPerSec" : 23.55965379173344,
    "sentKBytesPerSec" : 0.5164847713145458
  },
  "POST Create Offer-1" : {
    "transaction" : "POST Create Offer-1",
    "sampleCount" : 20,
    "errorCount" : 0,
    "errorPct" : 0.0,
    "meanResTime" : 517.9,
    "medianResTime" : 509.5,
    "minResTime" : 233.0,
    "maxResTime" : 875.0,
    "pct1ResTime" : 731.3000000000001,
    "pct2ResTime" : 867.8999999999999,
    "pct3ResTime" : 875.0,
    "throughput" : 0.2175828718763259,
    "receivedKBytesPerSec" : 4.888262695960574,
    "sentKBytesPerSec" : 0.15592022595981245
  },
  "POST Create Offer-0" : {
    "transaction" : "POST Create Offer-0",
    "sampleCount" : 20,
    "errorCount" : 0,
    "errorPct" : 0.0,
    "meanResTime" : 451.45000000000005,
    "medianResTime" : 421.5,
    "minResTime" : 54.0,
    "maxResTime" : 1248.0,
    "pct1ResTime" : 891.2,
    "pct2ResTime" : 1230.3499999999997,
    "pct3ResTime" : 1248.0,
    "throughput" : 0.21610407572286813,
    "receivedKBytesPerSec" : 0.2804288045122531,
    "sentKBytesPerSec" : 0.18145144951808792
  },
  "PUT Buyer Update Profile" : {
    "transaction" : "PUT Buyer Update Profile",
    "sampleCount" : 200,
    "errorCount" : 180,
    "errorPct" : 90.0,
    "meanResTime" : 546.2199999999998,
    "medianResTime" : 410.5,
    "minResTime" : 73.0,
    "maxResTime" : 2055.0,
    "pct1ResTime" : 1077.0000000000002,
    "pct2ResTime" : 1638.2999999999988,
    "pct3ResTime" : 1982.800000000001,
    "throughput" : 2.0865283298383983,
    "receivedKBytesPerSec" : 1.1232103944320992,
    "sentKBytesPerSec" : 102.45914683486694
  },
  "GET List Offers" : {
    "transaction" : "GET List Offers",
    "sampleCount" : 200,
    "errorCount" : 181,
    "errorPct" : 90.5,
    "meanResTime" : 379.11999999999995,
    "medianResTime" : 280.0,
    "minResTime" : 41.0,
    "maxResTime" : 1545.0,
    "pct1ResTime" : 790.0,
    "pct2ResTime" : 880.1499999999999,
    "pct3ResTime" : 1340.3600000000024,
    "throughput" : 2.1095933758767997,
    "receivedKBytesPerSec" : 0.9403553675966457,
    "sentKBytesPerSec" : 0.48825549812773583
  },
  "Get Product" : {
    "transaction" : "Get Product",
    "sampleCount" : 200,
    "errorCount" : 181,
    "errorPct" : 90.5,
    "meanResTime" : 409.3199999999998,
    "medianResTime" : 371.5,
    "minResTime" : 60.0,
    "maxResTime" : 1238.0,
    "pct1ResTime" : 739.9,
    "pct2ResTime" : 848.55,
    "pct3ResTime" : 1221.91,
    "throughput" : 2.0471038598143276,
    "receivedKBytesPerSec" : 1.0096480164843038,
    "sentKBytesPerSec" : 0.46047842096643776
  },
  "POST Recreate Product" : {
    "transaction" : "POST Recreate Product",
    "sampleCount" : 200,
    "errorCount" : 181,
    "errorPct" : 90.5,
    "meanResTime" : 381.4499999999999,
    "medianResTime" : 306.5,
    "minResTime" : 54.0,
    "maxResTime" : 1230.0,
    "pct1ResTime" : 778.5,
    "pct2ResTime" : 898.3999999999999,
    "pct3ResTime" : 1218.0,
    "throughput" : 2.0755715605184775,
    "receivedKBytesPerSec" : 1.1717959499112693,
    "sentKBytesPerSec" : 0.8268943320032379
  },
  "GET Get Product" : {
    "transaction" : "GET Get Product",
    "sampleCount" : 200,
    "errorCount" : 181,
    "errorPct" : 90.5,
    "meanResTime" : 339.08500000000004,
    "medianResTime" : 268.0,
    "minResTime" : 47.0,
    "maxResTime" : 1456.0,
    "pct1ResTime" : 669.0,
    "pct2ResTime" : 749.5999999999999,
    "pct3ResTime" : 983.7700000000002,
    "throughput" : 2.1114419036760204,
    "receivedKBytesPerSec" : 1.040833636853107,
    "sentKBytesPerSec" : 0.4795797999672727
  },
  "DELETE Delete Product" : {
    "transaction" : "DELETE Delete Product",
    "sampleCount" : 200,
    "errorCount" : 181,
    "errorPct" : 90.5,
    "meanResTime" : 344.0300000000001,
    "medianResTime" : 269.5,
    "minResTime" : 48.0,
    "maxResTime" : 1600.0,
    "pct1ResTime" : 714.0,
    "pct2ResTime" : 823.3499999999999,
    "pct3ResTime" : 1080.97,
    "throughput" : 2.0575073298698627,
    "receivedKBytesPerSec" : 0.8684127616892136,
    "sentKBytesPerSec" : 0.5062593230800885
  },
  "PUT Update Product" : {
    "transaction" : "PUT Update Product",
    "sampleCount" : 200,
    "errorCount" : 181,
    "errorPct" : 90.5,
    "meanResTime" : 370.7000000000001,
    "medianResTime" : 288.5,
    "minResTime" : 48.0,
    "maxResTime" : 1209.0,
    "pct1ResTime" : 764.4000000000001,
    "pct2ResTime" : 898.0999999999998,
    "pct3ResTime" : 1174.7700000000002,
    "throughput" : 2.048928410441339,
    "receivedKBytesPerSec" : 1.0223332396375446,
    "sentKBytesPerSec" : 0.8947854451809204
  },
  "PUT Update Offer" : {
    "transaction" : "PUT Update Offer",
    "sampleCount" : 200,
    "errorCount" : 200,
    "errorPct" : 100.0,
    "meanResTime" : 0.0,
    "medianResTime" : 0.0,
    "minResTime" : 0.0,
    "maxResTime" : 0.0,
    "pct1ResTime" : 0.0,
    "pct2ResTime" : 0.0,
    "pct3ResTime" : 0.0,
    "throughput" : 2.111664836557142,
    "receivedKBytesPerSec" : 2.495228957259904,
    "sentKBytesPerSec" : 0.0
  },
  "Total" : {
    "transaction" : "Total",
    "sampleCount" : 3840,
    "errorCount" : 2948,